area,after_5nov,mean_cases,se_cases,upper,lower
London,0,200,0.9110382,200.9110382,199.0889618
London,1,356.35,7.473379,363.823379,348.876621
Lazio,0,188.60446,11.6222787,200.2267387,176.9821813
Lazio,1,212.95833,24.5040762,237.4624062,188.4542538